metric,value,url,status
http_reqs,1,http://localhost:8080/api/v1/auth/login,400
http_req_duration,275.597,http://localhost:8080/api/v1/auth/login,400
http_req_failed,1,http://localhost:8080/api/v1/auth/login,400
http_reqs,1,http://localhost:8080/api/v1/auth/login,400
http_req_duration,275.614,http://localhost:8080/api/v1/auth/login,400
http_req_failed,1,http://localhost:8080/api/v1/auth/login,400
http_reqs,1,http://localhost:8080/api/v1/auth/login,400
http_req_duration,275.584,http://localhost:8080/api/v1/auth/login,400
http_req_failed,1,http://localhost:8080/api/v1/auth/login,400
http_reqs,1,http://localhost:8080/api/v1/auth/login,400
http_req_duration,275.634,http://localhost:8080/api/v1/auth/login,400
http_req_failed,1,http://localhost:8080/api/v1/auth/login,400
http_reqs,1,http://localhost:8080/api/v1/auth/login,400
http_req_duration,275.624,http://localhost:8080/api/v1/auth/login,400
http_req_failed,1,http://localhost:8080/api/v1/auth/login,400
http_reqs,1,http://localhost:8080/api/v1/auth/login,400
http_req_duration,275.575,http://localhost:8080/api/v1/auth/login,400
http_req_failed,1,http://localhost:8080/api/v1/auth/login,400
http_reqs,1,http://localhost:8080/api/v1/auth/login,400
http_req_duration,275.67,http://localhost:8080/api/v1/auth/login,400
http_req_failed,1,http://localhost:8080/api/v1/auth/login,400
http_reqs,1,http://localhost:8080/api/v1/auth/login,400
http_req_duration,275.798,http://localhost:8080/api/v1/auth/login,400
http_req_failed,1,http://localhost:8080/api/v1/auth/login,400
http_reqs,1,http://localhost:8080/api/v1/auth/login,400
http_req_duration,276.466,http://localhost:8080/api/v1/auth/login,400
http_req_failed,1,http://localhost:8080/api/v1/auth/login,400
http_reqs,1,http://localhost:8080/api/v1/auth/login,400
http_req_duration,276.567,http://localhost:8080/api/v1/auth/login,400
http_req_failed,1,http://localhost:8080/api/v1/auth/login,400
http_reqs,1,http://localhost:8080/api/v1/orders,400
http_req_duration,54.848,http://localhost:8080/api/v1/orders,400
http_req_failed,1,http://localhost:8080/api/v1/orders,400
http_reqs,1,http://localhost:8080/api/v1/orders,400
http_req_duration,54.907,http://localhost:8080/api/v1/orders,400
http_req_failed,1,http://localhost:8080/api/v1/orders,400
http_reqs,1,http://localhost:8080/api/v1/orders,400
http_req_duration,55.179,http://localhost:8080/api/v1/orders,400
http_req_failed,1,http://localhost:8080/api/v1/orders,400
http_reqs,1,http://localhost:8080/api/v1/orders,400
http_req_duration,55.64,http://localhost:8080/api/v1/orders,400
http_req_failed,1,http://localhost:8080/api/v1/orders,400
http_reqs,1,http://localhost:8080/api/v1/orders,400
http_req_duration,55.824,http://localhost:8080/api/v1/orders,400
http_req_failed,1,http://localhost:8080/api/v1/orders,400
http_reqs,1,http://localhost:8080/api/v1/orders,400
http_req_duration,56.101,http://localhost:8080/api/v1/orders,400
http_req_failed,1,http://localhost:8080/api/v1/orders,400
http_reqs,1,http://localhost:8080/api/v1/orders,400
http_req_duration,56.26,http://localhost:8080/api/v1/orders,400
http_req_failed,1,http://localhost:8080/api/v1/orders,400
http_reqs,1,http://localhost:8080/api/v1/orders,400
http_req_duration,56.579,http://localhost:8080/api/v1/orders,400
http_req_failed,1,http://localhost:8080/api/v1/orders,400
http_reqs,1,http://localhost:8080/api/v1/orders,400
http_req_duration,56.586,http://localhost:8080/api/v1/orders,400
http_req_failed,1,http://localhost:8080/api/v1/orders,400
http_reqs,1,http://localhost:8080/api/v1/orders,400
http_req_duration,56.617,http://localhost:8080/api/v1/orders,400
http_req_failed,1,http://localhost:8080/api/v1/orders,400
http_reqs,1,http://localhost:8080/api/v1/auth/login,400
http_req_duration,8.779,http://localhost:8080/api/v1/auth/login,400
http_req_failed,1,http://localhost:8080/api/v1/auth/login,400
http_reqs,1,http://localhost:8080/api/v1/auth/login,400
http_req_duration,11.636,http://localhost:8080/api/v1/auth/login,400
http_req_failed,1,http://localhost:8080/api/v1/auth/login,400
http_reqs,1,http://localhost:8080/api/v1/auth/login,400
http_req_duration,10.559,http://localhost:8080/api/v1/auth/login,400
http_req_failed,1,http://localhost:8080/api/v1/auth/login,400
http_reqs,1,http://localhost:8080/api/v1/auth/login,400
http_req_duration,12.966,http://localhost:8080/api/v1/auth/login,400
http_req_failed,1,http://localhost:8080/api/v1/auth/login,400
http_reqs,1,http://localhost:8080/api/v1/auth/login,400
http_req_duration,13.643,http://localhost:8080/api/v1/auth/login,400
http_req_failed,1,http://localhost:8080/api/v1/auth/login,400
http_reqs,1,http://localhost:8080/api/v1/orders,400
http_req_duration,3.192,http://localhost:8080/api/v1/orders,400
http_req_failed,1,http://localhost:8080/api/v1/orders,400
http_reqs,1,http://localhost:8080/api/v1/orders,400
http_req_duration,2.967,http://localhost:8080/api/v1/orders,400
http_req_failed,1,http://localhost:8080/api/v1/orders,400
http_reqs,1,http://localhost:8080/api/v1/orders,400
http_req_duration,5.962,http://localhost:8080/api/v1/orders,400
http_req_failed,1,http://localhost:8080/api/v1/orders,400
http_reqs,1,http://localhost:8080/api/v1/orders,400
http_req_duration,5.024,http://localhost:8080/api/v1/orders,400
http_req_failed,1,http://localhost:8080/api/v1/orders,400
http_reqs,1,http://localhost:8080/api/v1/auth/login,400
http_req_duration,17.273,http://localhost:8080/api/v1/auth/login,400
http_req_failed,1,http://localhost:8080/api/v1/auth/login,400
http_reqs,1,http://localhost:8080/api/v1/auth/login,400
http_req_duration,18.122,http://localhost:8080/api/v1/auth/login,400
http_req_failed,1,http://localhost:8080/api/v1/auth/login,400
http_reqs,1,http://localhost:8080/api/v1/orders,400
http_req_duration,5.21,http://localhost:8080/api/v1/orders,400
http_req_failed,1,http://localhost:8080/api/v1/orders,400
http_reqs,1,http://localhost:8080/api/v1/auth/login,400
http_req_duration,18.764,http://localhost:8080/api/v1/auth/login,400
http_req_failed,1,http://localhost:8080/api/v1/auth/login,400
http_reqs,1,http://localhost:8080/api/v1/auth/login,400
http_req_duration,18.331,http://localhost:8080/api/v1/auth/login,400
http_req_failed,1,http://localhost:8080/api/v1/auth/login,400
http_reqs,1,http://localhost:8080/api/v1/orders,400
http_req_duration,5.643,http://localhost:8080/api/v1/orders,400
http_req_failed,1,http://localhost:8080/api/v1/orders,400
http_reqs,1,http://localhost:8080/api/v1/orders,400
http_req_duration,5.006,http://localhost:8080/api/v1/orders,400
http_req_failed,1,http://localhost:8080/api/v1/orders,400
http_reqs,1,http://localhost:8080/api/v1/orders,400
http_req_duration,6.067,http://localhost:8080/api/v1/orders,400
http_req_failed,1,http://localhost:8080/api/v1/orders,400
http_reqs,1,http://localhost:8080/api/v1/auth/login,400
http_req_duration,26.409,http://localhost:8080/api/v1/auth/login,400
http_req_failed,1,http://localhost:8080/api/v1/auth/login,400
http_reqs,1,http://localhost:8080/api/v1/orders,400
http_req_duration,7.297,http://localhost:8080/api/v1/orders,400
http_req_failed,1,http://localhost:8080/api/v1/orders,400
http_reqs,1,http://localhost:8080/api/v1/orders,400
http_req_duration,2.949,http://localhost:8080/api/v1/orders,400
http_req_failed,1,http://localhost:8080/api/v1/orders,400
http_reqs,1,http://localhost:8080/api/v1/auth/login,400
http_req_duration,78.111,http://localhost:8080/api/v1/auth/login,400
http_req_failed,1,http://localhost:8080/api/v1/auth/login,400
http_reqs,1,http://localhost:8080/api/v1/auth/login,400
http_req_duration,81.513,http://localhost:8080/api/v1/auth/login,400
http_req_failed,1,http://localhost:8080/api/v1/auth/login,400
http_reqs,1,http://localhost:8080/api/v1/orders,400
http_req_duration,8.531,http://localhost:8080/api/v1/orders,400
http_req_failed,1,http://localhost:8080/api/v1/orders,400
http_reqs,1,http://localhost:8080/api/v1/auth/login,400
http_req_duration,86.401,http://localhost:8080/api/v1/auth/login,400
http_req_failed,1,http://localhost:8080/api/v1/auth/login,400
http_reqs,1,http://localhost:8080/api/v1/auth/login,400
http_req_duration,86.69,http://localhost:8080/api/v1/auth/login,400
http_req_failed,1,http://localhost:8080/api/v1/auth/login,400
http_reqs,1,http://localhost:8080/api/v1/orders,400
http_req_duration,5.015,http://localhost:8080/api/v1/orders,400
http_req_failed,1,http://localhost:8080/api/v1/orders,400
http_reqs,1,http://localhost:8080/api/v1/auth/login,400
http_req_duration,98.008,http://localhost:8080/api/v1/auth/login,400
http_req_failed,1,http://localhost:8080/api/v1/auth/login,400
http_reqs,1,http://localhost:8080/api/v1/orders,400
http_req_duration,1.831,http://localhost:8080/api/v1/orders,400
http_req_failed,1,http://localhost:8080/api/v1/orders,400
http_reqs,1,http://localhost:8080/api/v1/auth/login,400
http_req_duration,84.157,http://localhost:8080/api/v1/auth/login,400
http_req_failed,1,http://localhost:8080/api/v1/auth/login,400
http_reqs,1,http://localhost:8080/api/v1/orders,400
http_req_duration,2.176,http://localhost:8080/api/v1/orders,400
http_req_failed,1,http://localhost:8080/api/v1/orders,400
http_reqs,1,http://localhost:8080/api/v1/auth/login,400
http_req_duration,99.325,http://localhost:8080/api/v1/auth/login,400
http_req_failed,1,http://localhost:8080/api/v1/auth/login,400
http_reqs,1,http://localhost:8080/api/v1/auth/login,400
http_req_duration,100.298,http://localhost:8080/api/v1/auth/login,400
http_req_failed,1,http://localhost:8080/api/v1/auth/login,400
http_reqs,1,http://localhost:8080/api/v1/auth/login,400
http_req_duration,101.187,http://localhost:8080/api/v1/auth/login,400
http_req_failed,1,http://localhost:8080/api/v1/auth/login,400
http_reqs,1,http://localhost:8080/api/v1/orders,400
http_req_duration,2.463,http://localhost:8080/api/v1/orders,400
http_req_failed,1,http://localhost:8080/api/v1/orders,400
http_reqs,1,http://localhost:8080/api/v1/orders,400
http_req_duration,2.412,http://localhost:8080/api/v1/orders,400
http_req_failed,1,http://localhost:8080/api/v1/orders,400
http_reqs,1,http://localhost:8080/api/v1/orders,400
http_req_duration,1.705,http://localhost:8080/api/v1/orders,400
http_req_failed,1,http://localhost:8080/api/v1/orders,400
http_reqs,1,http://localhost:8080/api/v1/auth/login,400
http_req_duration,93.759,http://localhost:8080/api/v1/auth/login,400
http_req_failed,1,http://localhost:8080/api/v1/auth/login,400
http_reqs,1,http://localhost:8080/api/v1/orders,400
http_req_duration,2.299,http://localhost:8080/api/v1/orders,400
http_req_failed,1,http://localhost:8080/api/v1/orders,400
http_reqs,1,http://localhost:8080/api/v1/orders,400
http_req_duration,3.711,http://localhost:8080/api/v1/orders,400
http_req_failed,1,http://localhost:8080/api/v1/orders,400
http_reqs,1,http://localhost:8080/api/v1/orders,400
http_req_duration,2.308,http://localhost:8080/api/v1/orders,400
http_req_failed,1,http://localhost:8080/api/v1/orders,400
http_reqs,1,http://localhost:8080/api/v1/auth/login,400
http_req_duration,3.999,http://localhost:8080/api/v1/auth/login,400
http_req_failed,1,http://localhost:8080/api/v1/auth/login,400
http_reqs,1,http://localhost:8080/api/v1/orders,400
http_req_duration,1.361,http://localhost:8080/api/v1/orders,400
http_req_failed,1,http://localhost:8080/api/v1/orders,400
http_reqs,1,http://localhost:8080/api/v1/auth/login,400
http_req_duration,2.384,http://localhost:8080/api/v1/auth/login,400
http_req_failed,1,http://localhost:8080/api/v1/auth/login,400
http_reqs,1,http://localhost:8080/api/v1/auth/login,400
http_req_duration,3.37,http://localhost:8080/api/v1/auth/login,400
http_req_failed,1,http://localhost:8080/api/v1/auth/login,400
http_reqs,1,http://localhost:8080/api/v1/auth/login,400
http_req_duration,2.826,http://localhost:8080/api/v1/auth/login,400
http_req_failed,1,http://localhost:8080/api/v1/auth/login,400
http_reqs,1,http://localhost:8080/api/v1/orders,400
http_req_duration,2.158,http://localhost:8080/api/v1/orders,400
http_req_failed,1,http://localhost:8080/api/v1/orders,400
http_reqs,1,http://localhost:8080/api/v1/orders,400
http_req_duration,2.204,http://localhost:8080/api/v1/orders,400
http_req_failed,1,http://localhost:8080/api/v1/orders,400
http_reqs,1,http://localhost:8080/api/v1/orders,400
http_req_duration,2.317,http://localhost:8080/api/v1/orders,400
http_req_failed,1,http://localhost:8080/api/v1/orders,400
http_reqs,1,http://localhost:8080/api/v1/auth/login,400
http_req_duration,4.592,http://localhost:8080/api/v1/auth/login,400
http_req_failed,1,http://localhost:8080/api/v1/auth/login,400
http_reqs,1,http://localhost:8080/api/v1/auth/login,400
http_req_duration,4.306,http://localhost:8080/api/v1/auth/login,400
http_req_failed,1,http://localhost:8080/api/v1/auth/login,400
http_reqs,1,http://localhost:8080/api/v1/auth/login,400
http_req_duration,4.978,http://localhost:8080/api/v1/auth/login,400
http_req_failed,1,http://localhost:8080/api/v1/auth/login,400
http_reqs,1,http://localhost:8080/api/v1/orders,400
http_req_duration,2.437,http://localhost:8080/api/v1/orders,400
http_req_failed,1,http://localhost:8080/api/v1/orders,400
http_reqs,1,http://localhost:8080/api/v1/orders,400
http_req_duration,3.086,http://localhost:8080/api/v1/orders,400
http_req_failed,1,http://localhost:8080/api/v1/orders,400
http_reqs,1,http://localhost:8080/api/v1/orders,400
http_req_duration,3.222,http://localhost:8080/api/v1/orders,400
http_req_failed,1,http://localhost:8080/api/v1/orders,400
http_reqs,1,http://localhost:8080/api/v1/auth/login,400
http_req_duration,6.468,http://localhost:8080/api/v1/auth/login,400
http_req_failed,1,http://localhost:8080/api/v1/auth/login,400
http_reqs,1,http://localhost:8080/api/v1/auth/login,400
http_req_duration,6.734,http://localhost:8080/api/v1/auth/login,400
http_req_failed,1,http://localhost:8080/api/v1/auth/login,400
http_reqs,1,http://localhost:8080/api/v1/auth/login,400
http_req_duration,5.282,http://localhost:8080/api/v1/auth/login,400
http_req_failed,1,http://localhost:8080/api/v1/auth/login,400
http_reqs,1,http://localhost:8080/api/v1/orders,400
http_req_duration,1.842,http://localhost:8080/api/v1/orders,400
http_req_failed,1,http://localhost:8080/api/v1/orders,400
http_reqs,1,http://localhost:8080/api/v1/orders,400
http_req_duration,2.071,http://localhost:8080/api/v1/orders,400
http_req_failed,1,http://localhost:8080/api/v1/orders,400
http_reqs,1,http://localhost:8080/api/v1/orders,400
http_req_duration,1.655,http://localhost:8080/api/v1/orders,400
http_req_failed,1,http://localhost:8080/api/v1/orders,400
http_reqs,1,http://localhost:8080/api/v1/auth/login,400
http_req_duration,6.095,http://localhost:8080/api/v1/auth/login,400
http_req_failed,1,http://localhost:8080/api/v1/auth/login,400
http_reqs,1,http://localhost:8080/api/v1/auth/login,400
http_req_duration,6.327,http://localhost:8080/api/v1/auth/login,400
http_req_failed,1,http://localhost:8080/api/v1/auth/login,400
http_reqs,1,http://localhost:8080/api/v1/orders,400
http_req_duration,3.081,http://localhost:8080/api/v1/orders,400
http_req_failed,1,http://localhost:8080/api/v1/orders,400
http_reqs,1,http://localhost:8080/api/v1/auth/login,400
http_req_duration,7.195,http://localhost:8080/api/v1/auth/login,400
http_req_failed,1,http://localhost:8080/api/v1/auth/login,400
http_reqs,1,http://localhost:8080/api/v1/auth/login,400
http_req_duration,7.25,http://localhost:8080/api/v1/auth/login,400
http_req_failed,1,http://localhost:8080/api/v1/auth/login,400
http_reqs,1,http://localhost:8080/api/v1/orders,400
http_req_duration,3.717,http://localhost:8080/api/v1/orders,400
http_req_failed,1,http://localhost:8080/api/v1/orders,400
http_reqs,1,http://localhost:8080/api/v1/orders,400
http_req_duration,5.074,http://localhost:8080/api/v1/orders,400
http_req_failed,1,http://localhost:8080/api/v1/orders,400
http_reqs,1,http://localhost:8080/api/v1/orders,400
http_req_duration,5.529,http://localhost:8080/api/v1/orders,400
http_req_failed,1,http://localhost:8080/api/v1/orders,400
http_reqs,1,http://localhost:8080/api/v1/auth/login,400
http_req_duration,16.844,http://localhost:8080/api/v1/auth/login,400
http_req_failed,1,http://localhost:8080/api/v1/auth/login,400
http_reqs,1,http://localhost:8080/api/v1/auth/login,400
http_req_duration,16.785,http://localhost:8080/api/v1/auth/login,400
http_req_failed,1,http://localhost:8080/api/v1/auth/login,400
http_reqs,1,http://localhost:8080/api/v1/auth/login,400
http_req_duration,12.561,http://localhost:8080/api/v1/auth/login,400
http_req_failed,1,http://localhost:8080/api/v1/auth/login,400
http_reqs,1,http://localhost:8080/api/v1/auth/login,400
http_req_duration,17.527,http://localhost:8080/api/v1/auth/login,400
http_req_failed,1,http://localhost:8080/api/v1/auth/login,400
http_reqs,1,http://localhost:8080/api/v1/auth/login,400
http_req_duration,14.319,http://localhost:8080/api/v1/auth/login,400
http_req_failed,1,http://localhost:8080/api/v1/auth/login,400
http_reqs,1,http://localhost:8080/api/v1/auth/login,400
http_req_duration,16.322,http://localhost:8080/api/v1/auth/login,400
http_req_failed,1,http://localhost:8080/api/v1/auth/login,400
http_reqs,1,http://localhost:8080/api/v1/orders,400
http_req_duration,2.629,http://localhost:8080/api/v1/orders,400
http_req_failed,1,http://localhost:8080/api/v1/orders,400
http_reqs,1,http://localhost:8080/api/v1/orders,400
http_req_duration,3.866,http://localhost:8080/api/v1/orders,400
http_req_failed,1,http://localhost:8080/api/v1/orders,400
http_reqs,1,http://localhost:8080/api/v1/orders,400
http_req_duration,4.165,http://localhost:8080/api/v1/orders,400
http_req_failed,1,http://localhost:8080/api/v1/orders,400
http_reqs,1,http://localhost:8080/api/v1/orders,400
http_req_duration,4.431,http://localhost:8080/api/v1/orders,400
http_req_failed,1,http://localhost:8080/api/v1/orders,400
http_reqs,1,http://localhost:8080/api/v1/orders,400
http_req_duration,1.768,http://localhost:8080/api/v1/orders,400
http_req_failed,1,http://localhost:8080/api/v1/orders,400
http_reqs,1,http://localhost:8080/api/v1/orders,400
http_req_duration,3.188,http://localhost:8080/api/v1/orders,400
http_req_failed,1,http://localhost:8080/api/v1/orders,400
http_reqs,1,http://localhost:8080/api/v1/auth/login,400
http_req_duration,3.591,http://localhost:8080/api/v1/auth/login,400
http_req_failed,1,http://localhost:8080/api/v1/auth/login,400
http_reqs,1,http://localhost:8080/api/v1/orders,400
http_req_duration,1.631,http://localhost:8080/api/v1/orders,400
http_req_failed,1,http://localhost:8080/api/v1/orders,400
http_reqs,1,http://localhost:8080/api/v1/auth/login,400
http_req_duration,3.324,http://localhost:8080/api/v1/auth/login,400
http_req_failed,1,http://localhost:8080/api/v1/auth/login,400
http_reqs,1,http://localhost:8080/api/v1/auth/login,400
http_req_duration,3.151,http://localhost:8080/api/v1/auth/login,400
http_req_failed,1,http://localhost:8080/api/v1/auth/login,400
http_reqs,1,http://localhost:8080/api/v1/auth/login,400
http_req_duration,3.111,http://localhost:8080/api/v1/auth/login,400
http_req_failed,1,http://localhost:8080/api/v1/auth/login,400
http_reqs,1,http://localhost:8080/api/v1/orders,400
http_req_duration,1.579,http://localhost:8080/api/v1/orders,400
http_req_failed,1,http://localhost:8080/api/v1/orders,400
http_reqs,1,http://localhost:8080/api/v1/orders,400
http_req_duration,1.994,http://localhost:8080/api/v1/orders,400
http_req_failed,1,http://localhost:8080/api/v1/orders,400
http_reqs,1,http://localhost:8080/api/v1/orders,400
http_req_duration,2.062,http://localhost:8080/api/v1/orders,400
http_req_failed,1,http://localhost:8080/api/v1/orders,400
http_reqs,1,http://localhost:8080/api/v1/auth/login,400
http_req_duration,4.945,http://localhost:8080/api/v1/auth/login,400
http_req_failed,1,http://localhost:8080/api/v1/auth/login,400
http_reqs,1,http://localhost:8080/api/v1/auth/login,400
http_req_duration,5.225,http://localhost:8080/api/v1/auth/login,400
http_req_failed,1,http://localhost:8080/api/v1/auth/login,400
http_reqs,1,http://localhost:8080/api/v1/auth/login,400
http_req_duration,5.582,http://localhost:8080/api/v1/auth/login,400
http_req_failed,1,http://localhost:8080/api/v1/auth/login,400
http_reqs,1,http://localhost:8080/api/v1/auth/login,400
http_req_duration,5.637,http://localhost:8080/api/v1/auth/login,400
http_req_failed,1,http://localhost:8080/api/v1/auth/login,400
http_reqs,1,http://localhost:8080/api/v1/auth/login,400
http_req_duration,5.694,http://localhost:8080/api/v1/auth/login,400
http_req_failed,1,http://localhost:8080/api/v1/auth/login,400
http_reqs,1,http://localhost:8080/api/v1/auth/login,400
http_req_duration,5.857,http://localhost:8080/api/v1/auth/login,400
http_req_failed,1,http://localhost:8080/api/v1/auth/login,400
http_reqs,1,http://localhost:8080/api/v1/orders,400
http_req_duration,1.489,http://localhost:8080/api/v1/orders,400
http_req_failed,1,http://localhost:8080/api/v1/orders,400
http_reqs,1,http://localhost:8080/api/v1/orders,400
http_req_duration,2.235,http://localhost:8080/api/v1/orders,400
http_req_failed,1,http://localhost:8080/api/v1/orders,400
http_reqs,1,http://localhost:8080/api/v1/orders,400
http_req_duration,1.8,http://localhost:8080/api/v1/orders,400
http_req_failed,1,http://localhost:8080/api/v1/orders,400
http_reqs,1,http://localhost:8080/api/v1/orders,400
http_req_duration,2.205,http://localhost:8080/api/v1/orders,400
http_req_failed,1,http://localhost:8080/api/v1/orders,400
http_reqs,1,http://localhost:8080/api/v1/orders,400
http_req_duration,2.705,http://localhost:8080/api/v1/orders,400
http_req_failed,1,http://localhost:8080/api/v1/orders,400
http_reqs,1,http://localhost:8080/api/v1/orders,400
http_req_duration,2.543,http://localhost:8080/api/v1/orders,400
http_req_failed,1,http://localhost:8080/api/v1/orders,400
http_reqs,1,http://localhost:8080/api/v1/auth/login,400
http_req_duration,3.693,http://localhost:8080/api/v1/auth/login,400
http_req_failed,1,http://localhost:8080/api/v1/auth/login,400
http_reqs,1,http://localhost:8080/api/v1/orders,400
http_req_duration,1.829,http://localhost:8080/api/v1/orders,400
http_req_failed,1,http://localhost:8080/api/v1/orders,400
http_reqs,1,http://localhost:8080/api/v1/auth/login,400
http_req_duration,3.791,http://localhost:8080/api/v1/auth/login,400
http_req_failed,1,http://localhost:8080/api/v1/auth/login,400
http_reqs,1,http://localhost:8080/api/v1/auth/login,400
http_req_duration,4.714,http://localhost:8080/api/v1/auth/login,400
http_req_failed,1,http://localhost:8080/api/v1/auth/login,400
http_reqs,1,http://localhost:8080/api/v1/orders,400
http_req_duration,2.254,http://localhost:8080/api/v1/orders,400
http_req_failed,1,http://localhost:8080/api/v1/orders,400
http_reqs,1,http://localhost:8080/api/v1/orders,400
http_req_duration,1.658,http://localhost:8080/api/v1/orders,400
http_req_failed,1,http://localhost:8080/api/v1/orders,400
http_reqs,1,http://localhost:8080/api/v1/auth/login,400
http_req_duration,4.436,http://localhost:8080/api/v1/auth/login,400
http_req_failed,1,http://localhost:8080/api/v1/auth/login,400
http_reqs,1,http://localhost:8080/api/v1/orders,400
http_req_duration,1.785,http://localhost:8080/api/v1/orders,400
http_req_failed,1,http://localhost:8080/api/v1/orders,400
http_reqs,1,http://localhost:8080/api/v1/auth/login,400
http_req_duration,8.305,http://localhost:8080/api/v1/auth/login,400
http_req_failed,1,http://localhost:8080/api/v1/auth/login,400
http_reqs,1,http://localhost:8080/api/v1/auth/login,400
http_req_duration,8.744,http://localhost:8080/api/v1/auth/login,400
http_req_failed,1,http://localhost:8080/api/v1/auth/login,400
http_reqs,1,http://localhost:8080/api/v1/auth/login,400
http_req_duration,8.912,http://localhost:8080/api/v1/auth/login,400
http_req_failed,1,http://localhost:8080/api/v1/auth/login,400
http_reqs,1,http://localhost:8080/api/v1/orders,400
http_req_duration,1.502,http://localhost:8080/api/v1/orders,400
http_req_failed,1,http://localhost:8080/api/v1/orders,400
http_reqs,1,http://localhost:8080/api/v1/orders,400
http_req_duration,1.674,http://localhost:8080/api/v1/orders,400
http_req_failed,1,http://localhost:8080/api/v1/orders,400
http_reqs,1,http://localhost:8080/api/v1/auth/login,400
http_req_duration,12.07,http://localhost:8080/api/v1/auth/login,400
http_req_failed,1,http://localhost:8080/api/v1/auth/login,400
http_reqs,1,http://localhost:8080/api/v1/orders,400
http_req_duration,3.878,http://localhost:8080/api/v1/orders,400
http_req_failed,1,http://localhost:8080/api/v1/orders,400
http_reqs,1,http://localhost:8080/api/v1/orders,400
http_req_duration,2.434,http://localhost:8080/api/v1/orders,400
http_req_failed,1,http://localhost:8080/api/v1/orders,400
http_reqs,1,http://localhost:8080/api/v1/auth/login,400
http_req_duration,32.895,http://localhost:8080/api/v1/auth/login,400
http_req_failed,1,http://localhost:8080/api/v1/auth/login,400
http_reqs,1,http://localhost:8080/api/v1/auth/login,400
http_req_duration,33.158,http://localhost:8080/api/v1/auth/login,400
http_req_failed,1,http://localhost:8080/api/v1/auth/login,400
http_reqs,1,http://localhost:8080/api/v1/orders,400
http_req_duration,3.529,http://localhost:8080/api/v1/orders,400
http_req_failed,1,http://localhost:8080/api/v1/orders,400
http_reqs,1,http://localhost:8080/api/v1/orders,400
http_req_duration,3.57,http://localhost:8080/api/v1/orders,400
http_req_failed,1,http://localhost:8080/api/v1/orders,400
http_reqs,1,http://localhost:8080/api/v1/auth/login,400
http_req_duration,3.616,http://localhost:8080/api/v1/auth/login,400
http_req_failed,1,http://localhost:8080/api/v1/auth/login,400
http_reqs,1,http://localhost:8080/api/v1/auth/login,400
http_req_duration,2.129,http://localhost:8080/api/v1/auth/login,400
http_req_failed,1,http://localhost:8080/api/v1/auth/login,400
http_reqs,1,http://localhost:8080/api/v1/auth/login,400
http_req_duration,2.154,http://localhost:8080/api/v1/auth/login,400
http_req_failed,1,http://localhost:8080/api/v1/auth/login,400
http_reqs,1,http://localhost:8080/api/v1/orders,400
http_req_duration,1.624,http://localhost:8080/api/v1/orders,400
http_req_failed,1,http://localhost:8080/api/v1/orders,400
http_reqs,1,http://localhost:8080/api/v1/orders,400
http_req_duration,1.279,http://localhost:8080/api/v1/orders,400
http_req_failed,1,http://localhost:8080/api/v1/orders,400
http_reqs,1,http://localhost:8080/api/v1/orders,400
http_req_duration,1.808,http://localhost:8080/api/v1/orders,400
http_req_failed,1,http://localhost:8080/api/v1/orders,400
http_reqs,1,http://localhost:8080/api/v1/auth/login,400
http_req_duration,2.49,http://localhost:8080/api/v1/auth/login,400
http_req_failed,1,http://localhost:8080/api/v1/auth/login,400
http_reqs,1,http://localhost:8080/api/v1/orders,400
http_req_duration,1.092,http://localhost:8080/api/v1/orders,400
http_req_failed,1,http://localhost:8080/api/v1/orders,400
http_reqs,1,http://localhost:8080/api/v1/auth/login,400
http_req_duration,1.998,http://localhost:8080/api/v1/auth/login,400
http_req_failed,1,http://localhost:8080/api/v1/auth/login,400
http_reqs,1,http://localhost:8080/api/v1/auth/login,400
http_req_duration,3.139,http://localhost:8080/api/v1/auth/login,400
http_req_failed,1,http://localhost:8080/api/v1/auth/login,400
http_reqs,1,http://localhost:8080/api/v1/auth/login,400
http_req_duration,3.149,http://localhost:8080/api/v1/auth/login,400
http_req_failed,1,http://localhost:8080/api/v1/auth/login,400
http_reqs,1,http://localhost:8080/api/v1/orders,400
http_req_duration,1.231,http://localhost:8080/api/v1/orders,400
http_req_failed,1,http://localhost:8080/api/v1/orders,400
http_reqs,1,http://localhost:8080/api/v1/orders,400
http_req_duration,1.275,http://localhost:8080/api/v1/orders,400
http_req_failed,1,http://localhost:8080/api/v1/orders,400
http_reqs,1,http://localhost:8080/api/v1/orders,400
http_req_duration,1.346,http://localhost:8080/api/v1/orders,400
http_req_failed,1,http://localhost:8080/api/v1/orders,400
http_reqs,1,http://localhost:8080/api/v1/auth/login,400
http_req_duration,2.314,http://localhost:8080/api/v1/auth/login,400
http_req_failed,1,http://localhost:8080/api/v1/auth/login,400
http_reqs,1,http://localhost:8080/api/v1/orders,400
http_req_duration,0.93,http://localhost:8080/api/v1/orders,400
http_req_failed,1,http://localhost:8080/api/v1/orders,400
http_reqs,1,http://localhost:8080/api/v1/auth/login,400
http_req_duration,3.478,http://localhost:8080/api/v1/auth/login,400
http_req_failed,1,http://localhost:8080/api/v1/auth/login,400
http_reqs,1,http://localhost:8080/api/v1/auth/login,400
http_req_duration,3.53,http://localhost:8080/api/v1/auth/login,400
http_req_failed,1,http://localhost:8080/api/v1/auth/login,400
http_reqs,1,http://localhost:8080/api/v1/orders,400
http_req_duration,1.348,http://localhost:8080/api/v1/orders,400
http_req_failed,1,http://localhost:8080/api/v1/orders,400
http_reqs,1,http://localhost:8080/api/v1/orders,400
http_req_duration,1.385,http://localhost:8080/api/v1/orders,400
http_req_failed,1,http://localhost:8080/api/v1/orders,400
http_reqs,1,http://localhost:8080/api/v1/auth/login,400
http_req_duration,3.809,http://localhost:8080/api/v1/auth/login,400
http_req_failed,1,http://localhost:8080/api/v1/auth/login,400
http_reqs,1,http://localhost:8080/api/v1/auth/login,400
http_req_duration,4.165,http://localhost:8080/api/v1/auth/login,400
http_req_failed,1,http://localhost:8080/api/v1/auth/login,400
http_reqs,1,http://localhost:8080/api/v1/auth/login,400
http_req_duration,4.683,http://localhost:8080/api/v1/auth/login,400
http_req_failed,1,http://localhost:8080/api/v1/auth/login,400
http_reqs,1,http://localhost:8080/api/v1/auth/login,400
http_req_duration,4.262,http://localhost:8080/api/v1/auth/login,400
http_req_failed,1,http://localhost:8080/api/v1/auth/login,400
http_reqs,1,http://localhost:8080/api/v1/orders,400
http_req_duration,2.696,http://localhost:8080/api/v1/orders,400
http_req_failed,1,http://localhost:8080/api/v1/orders,400
http_reqs,1,http://localhost:8080/api/v1/orders,400
http_req_duration,2.362,http://localhost:8080/api/v1/orders,400
http_req_failed,1,http://localhost:8080/api/v1/orders,400
http_reqs,1,http://localhost:8080/api/v1/orders,400
http_req_duration,3.113,http://localhost:8080/api/v1/orders,400
http_req_failed,1,http://localhost:8080/api/v1/orders,400
http_reqs,1,http://localhost:8080/api/v1/orders,400
http_req_duration,2.54,http://localhost:8080/api/v1/orders,400
http_req_failed,1,http://localhost:8080/api/v1/orders,400
http_reqs,1,http://localhost:8080/api/v1/auth/login,400
http_req_duration,3.556,http://localhost:8080/api/v1/auth/login,400
http_req_failed,1,http://localhost:8080/api/v1/auth/login,400
http_reqs,1,http://localhost:8080/api/v1/auth/login,400
http_req_duration,3.556,http://localhost:8080/api/v1/auth/login,400
http_req_failed,1,http://localhost:8080/api/v1/auth/login,400
http_reqs,1,http://localhost:8080/api/v1/auth/login,400
http_req_duration,3.62,http://localhost:8080/api/v1/auth/login,400
http_req_failed,1,http://localhost:8080/api/v1/auth/login,400
http_reqs,1,http://localhost:8080/api/v1/orders,400
http_req_duration,1.436,http://localhost:8080/api/v1/orders,400
http_req_failed,1,http://localhost:8080/api/v1/orders,400
http_reqs,1,http://localhost:8080/api/v1/orders,400
http_req_duration,1.452,http://localhost:8080/api/v1/orders,400
http_req_failed,1,http://localhost:8080/api/v1/orders,400
http_reqs,1,http://localhost:8080/api/v1/auth/login,400
http_req_duration,3.942,http://localhost:8080/api/v1/auth/login,400
http_req_failed,1,http://localhost:8080/api/v1/auth/login,400
http_reqs,1,http://localhost:8080/api/v1/orders,400
http_req_duration,1.986,http://localhost:8080/api/v1/orders,400
http_req_failed,1,http://localhost:8080/api/v1/orders,400
http_reqs,1,http://localhost:8080/api/v1/orders,400
http_req_duration,1.215,http://localhost:8080/api/v1/orders,400
http_req_failed,1,http://localhost:8080/api/v1/orders,400
http_reqs,1,http://localhost:8080/api/v1/auth/login,400
http_req_duration,3.468,http://localhost:8080/api/v1/auth/login,400
http_req_failed,1,http://localhost:8080/api/v1/auth/login,400
http_reqs,1,http://localhost:8080/api/v1/auth/login,400
http_req_duration,3.506,http://localhost:8080/api/v1/auth/login,400
http_req_failed,1,http://localhost:8080/api/v1/auth/login,400
http_reqs,1,http://localhost:8080/api/v1/orders,400
http_req_duration,1.532,http://localhost:8080/api/v1/orders,400
http_req_failed,1,http://localhost:8080/api/v1/orders,400
http_reqs,1,http://localhost:8080/api/v1/orders,400
http_req_duration,1.548,http://localhost:8080/api/v1/orders,400
http_req_failed,1,http://localhost:8080/api/v1/orders,400
http_reqs,1,http://localhost:8080/api/v1/auth/login,400
http_req_duration,3.829,http://localhost:8080/api/v1/auth/login,400
http_req_failed,1,http://localhost:8080/api/v1/auth/login,400
http_reqs,1,http://localhost:8080/api/v1/auth/login,400
http_req_duration,2.854,http://localhost:8080/api/v1/auth/login,400
http_req_failed,1,http://localhost:8080/api/v1/auth/login,400
http_reqs,1,http://localhost:8080/api/v1/auth/login,400
http_req_duration,3.816,http://localhost:8080/api/v1/auth/login,400
http_req_failed,1,http://localhost:8080/api/v1/auth/login,400
http_reqs,1,http://localhost:8080/api/v1/auth/login,400
http_req_duration,4.92,http://localhost:8080/api/v1/auth/login,400
http_req_failed,1,http://localhost:8080/api/v1/auth/login,400
http_reqs,1,http://localhost:8080/api/v1/orders,400
http_req_duration,2.48,http://localhost:8080/api/v1/orders,400
http_req_failed,1,http://localhost:8080/api/v1/orders,400
http_reqs,1,http://localhost:8080/api/v1/orders,400
http_req_duration,2.745,http://localhost:8080/api/v1/orders,400
http_req_failed,1,http://localhost:8080/api/v1/orders,400
http_reqs,1,http://localhost:8080/api/v1/orders,400
http_req_duration,2.719,http://localhost:8080/api/v1/orders,400
http_req_failed,1,http://localhost:8080/api/v1/orders,400
http_reqs,1,http://localhost:8080/api/v1/orders,400
http_req_duration,3.026,http://localhost:8080/api/v1/orders,400
http_req_failed,1,http://localhost:8080/api/v1/orders,400
http_reqs,1,http://localhost:8080/api/v1/auth/login,400
http_req_duration,3.655,http://localhost:8080/api/v1/auth/login,400
http_req_failed,1,http://localhost:8080/api/v1/auth/login,400
http_reqs,1,http://localhost:8080/api/v1/auth/login,400
http_req_duration,3.686,http://localhost:8080/api/v1/auth/login,400
http_req_failed,1,http://localhost:8080/api/v1/auth/login,400
http_reqs,1,http://localhost:8080/api/v1/auth/login,400
http_req_duration,4.015,http://localhost:8080/api/v1/auth/login,400
http_req_failed,1,http://localhost:8080/api/v1/auth/login,400
http_reqs,1,http://localhost:8080/api/v1/auth/login,400
http_req_duration,3.995,http://localhost:8080/api/v1/auth/login,400
http_req_failed,1,http://localhost:8080/api/v1/auth/login,400
http_reqs,1,http://localhost:8080/api/v1/orders,400
http_req_duration,1.72,http://localhost:8080/api/v1/orders,400
http_req_failed,1,http://localhost:8080/api/v1/orders,400
http_reqs,1,http://localhost:8080/api/v1/orders,400
http_req_duration,1.872,http://localhost:8080/api/v1/orders,400
http_req_failed,1,http://localhost:8080/api/v1/orders,400
http_reqs,1,http://localhost:8080/api/v1/orders,400
http_req_duration,2.803,http://localhost:8080/api/v1/orders,400
http_req_failed,1,http://localhost:8080/api/v1/orders,400
http_reqs,1,http://localhost:8080/api/v1/orders,400
http_req_duration,2.768,http://localhost:8080/api/v1/orders,400
http_req_failed,1,http://localhost:8080/api/v1/orders,400
http_reqs,1,http://localhost:8080/api/v1/auth/login,400
http_req_duration,3.255,http://localhost:8080/api/v1/auth/login,400
http_req_failed,1,http://localhost:8080/api/v1/auth/login,400
http_reqs,1,http://localhost:8080/api/v1/auth/login,400
http_req_duration,3.263,http://localhost:8080/api/v1/auth/login,400
http_req_failed,1,http://localhost:8080/api/v1/auth/login,400
http_reqs,1,http://localhost:8080/api/v1/orders,400
http_req_duration,1.104,http://localhost:8080/api/v1/orders,400
http_req_failed,1,http://localhost:8080/api/v1/orders,400
http_reqs,1,http://localhost:8080/api/v1/orders,400
http_req_duration,1.089,http://localhost:8080/api/v1/orders,400
http_req_failed,1,http://localhost:8080/api/v1/orders,400
